PLZ, Land
85238, Germany
85646, Germany
82362, Germany
83278, Germany
81249, Germany
86674, Germany
86415, Germany
85716, Germany
80807, Germany
82327, Germany
81369, Germany
80801, Germany
82377, Germany
80686, Germany
85405, Germany
81243, Germany
60486, Germany
84079, Germany
72124, Germany
39043, Germany
81241, Germany
82057, Germany
85386, Germany
81245, Germany
81243, Germany
85386, Germany
65817, Germany
80807, Germany
81241, Germany
82008, Germany
81377, Germany
81825, Germany
81377, Germany
81677, Germany
85560, Germany
80333, Germany
81739, Germany
82515, Germany
85283, Germany
83059, Germany
80337, Germany
85354, Germany
82041, Germany
86159, Germany
85551, Germany
80797, Germany
83043, Germany
84095, Germany
85609, Germany
80807, Germany
86405, Germany
85579, Germany
85354, Germany
86405, Germany
85461, Germany
85748, Germany
81249, Germany
82229, Germany
80805, Germany
81829, Germany
82194, Germany
81669, Germany
82256, Germany
92648, Germany
80805, Germany
80469, Germany
81825, Germany
80807, Germany
81827, Germany
85283, Germany
27356, Germany
85748, Germany
85221, Germany
85221, Germany
86899, Germany
85354, Germany
81379, Germany
80636, Germany
85622, Germany
80809, Germany
93051, Germany
10117, Germany
82239, Germany
81477, Germany
86153, Germany
85748, Germany
81477, Germany
82387, Germany
80689, Germany
82290, Germany
80807, Germany
84032, Germany
80469, Germany
81249, Germany
82362, Germany
82362, Germany
80935, Germany
70619, Germany
84453, Germany
81373, Germany
83666, Germany
85778, Germany
81541, Germany
80995, Germany
82205, Germany
80638, Germany
85247, Germany
81827, Germany
85469, Germany
81243, Germany
85354, Germany
85290, Germany
81673, Germany
81247, Germany
82377, Germany
80801, Germany
85356, Germany
85221, Germany
80997, Germany
85435, Germany
83700, Germany
80937, Germany
81825, Germany
83355, Germany
86637, Germany
85646, Germany
85598, Germany
58093, Germany
87484, Germany
81476, Germany
86456, Germany
86167, Germany
83457, Germany
81539, Germany
80333, Germany
85748, Germany
84432, Germany
85716, Germany
89407, Germany
82296, Germany
85235, Germany
59821, Germany
52066, Germany
95326, Germany
85737, Germany
82140, Germany
90419, Germany
82418, Germany
80636, Germany
82467, Germany
82008, Germany
83052, Germany
12161, Germany
82467, Germany
69115, Germany
60437, Germany
81249, Germany
81827, Germany
82343, Germany
80336, Germany
80336, Germany
85748, Germany
85604, Germany
81827, Germany
85737, Germany
85221, Germany
82407, Germany
81373, Germany
82256, Germany
81549, Germany
81369, Germany
85635, Germany
83122, Germany
85241, Germany
89073, Germany
81825, Germany
92318, Germany
86551, Germany
85356, Germany
84034, Germany
85622, Germany
91054, Germany
63322, Germany
85435, Germany
82256, Germany
86735, Germany
81539, Germany
85301, Germany
85253, Germany
80335, Germany
85221, Germany
81927, Germany
82024, Germany
85540, Germany
81549, Germany
80636, Germany
85716, Germany
84152, Germany
81667, Germany
89264, Germany
83112, Germany
80687, Germany
84048, Germany
82256, Germany
80797, Germany
80935, Germany
86156, Germany
86577, Germany
80809, Germany
80686, Germany
80993, Germany
85247, Germany
82178, Germany
86497, Germany
85386, Germany
85764, Germany
84544, Germany
82256, Germany
85399, Germany
82110, Germany
81245, Germany
91126, Germany
80804, Germany
85057, Germany
82327, Germany
83052, Germany
81925, Germany
80995, Germany
86199, Germany
81925, Germany
85232, Germany
76761, Germany
82140, Germany
85221, Germany
80995, Germany
82538, Germany
85221, Germany
80995, Germany
35410, Germany
85051, Germany
85635, Germany
86497, Germany
81739, Germany
85540, Germany
80939, Germany
83607, Germany
71522, Germany
89233, Germany
86574, Germany
85241, Germany
80687, Germany
93047, Germany
81925, Germany
81541, Germany
99089, Germany
85221, Germany
83661, Germany
83555, Germany
82294, Germany
82418, Germany
80469, Germany
81541, Germany
83098, Germany
48143, Germany
80809, Germany
80807, Germany
82256, Germany
86368, Germany
82223, Germany
86424, Germany
41462, Germany
85614, Germany
84416, Germany
91301, Germany
85305, Germany
81671, Germany
94209, Germany
82279, Germany
85386, Germany
81829, Germany
20537, Germany
86698, Germany
80331, Germany
81739, Germany
85661, Germany
83623, Germany
83229, Germany
80799, Germany
85757, Germany
85778, Germany
80469, Germany
80638, Germany
85457, Germany
85521, Germany
85221, Germany
30659, Germany
85435, Germany
84051, Germany
80545, Germany
80796, Germany
85356, Germany
85614, Germany
85247, Germany
85247, Germany
85386, Germany
86159, Germany
84030, Germany
81667, Germany
80992, Germany
82110, Germany
82256, Germany
81369, Germany
84518, Germany
81735, Germany
86856, Germany
81241, Germany
82178, Germany
80636, Germany
81737, Germany
81829, Germany
85653, Germany
80469, Germany
73054, Germany
86399, Germany
85391, Germany
85459, Germany
81929, Germany
81373, Germany
81375, Germany
80797, Germany
63773, Germany
81375, Germany
80937, Germany
82377, Germany
86465, Germany
85356, Germany
82538, Germany
85604, Germany
81249, Germany
82340, Germany
81827, Germany
93176, Germany
86949, Germany
82291, Germany
83075, Germany
80939, Germany
80636, Germany
83661, Germany
82272, Germany
80339, Germany
82386, Germany
85643, Germany
81379, Germany
80798, Germany
82449, Germany
85716, Germany
80687, Germany
82008, Germany
82538, Germany
80636, Germany
85221, Germany
85757, Germany
80997, Germany
80339, Germany
81371, Germany
85764, Germany
80992, Germany
85088, Germany
91054, Germany
80803, Germany
80689, Germany
82362, Germany
73630, Germany
80539, Germany
82110, Germany
82319, Germany
82256, Germany
81825, Germany
85716, Germany
81925, Germany
82194, Germany
80999, Germany
85567, Germany
22147, Germany
86929, Germany
82008, Germany
80796, Germany
82049, Germany
82276, Germany
82031, Germany
42327, Germany
82223, Germany
85435, Germany
80999, Germany
84419, Germany
82515, Germany
80639, Germany
85276, Germany
85259, Germany
94133, Germany
82515, Germany
85276, Germany
86316, Germany
80637, Germany
81549, Germany
81241, Germany
80634, Germany
85774, Germany
82335, Germany
81825, Germany
82031, Germany
82008, Germany
81825, Germany
80997, Germany
80804, Germany
81675, Germany
82032, Germany
83098, Germany
85244, Germany
81549, Germany
83026, Germany
85716, Germany
82205, Germany
80339, Germany
81245, Germany
80997, Germany
82205, Germany
81371, Germany
85764, Germany
82418, Germany
81549, Germany
80997, Germany
82390, Germany
83026, Germany
81673, Germany
81925, Germany
97265, Germany
83666, Germany
80469, Germany
82256, Germany
70173, Germany
85777, Germany
80805, Germany
85737, Germany
81549, Germany
37170, Germany
92637, Germany
85598, Germany
82110, Germany
85375, Germany
85764, Germany
81377, Germany
80799, Germany
80469, Germany
85646, Germany
84503, Germany
85774, Germany
82327, Germany
80634, Germany
85301, Germany
82396, Germany
80797, Germany
82377, Germany
80798, Germany
89331, Germany
82256, Germany
82194, Germany
81241, Germany
80993, Germany
86911, Germany
81725, Germany
84030, Germany
82407, Germany
82194, Germany
83607, Germany
82061, Germany
82490, Germany
83646, Germany
80339, Germany
80469, Germany
84416, Germany
82290, Germany
81245, Germany
86947, Germany
81539, Germany
82140, Germany
82205, Germany
85622, Germany
10179, Germany
80337, Germany
81825, Germany
83620, Germany
81547, Germany
82178, Germany
83512, Germany
85055, Germany
85276, Germany
84453, Germany
85567, Germany
21079, Germany
94160, Germany
81735, Germany
85376, Germany
85276, Germany
82054, Germany
86687, Germany
81673, Germany
83229, Germany
99089, Germany
83624, Germany
85764, Germany
80636, Germany
83624, Germany
82194, Germany
85386, Germany
82467, Germany
80937, Germany
85375, Germany
85604, Germany
81247, Germany
81377, Germany
80807, Germany
85244, Germany
83646, Germany
85748, Germany
86529, Germany
85737, Germany
81475, Germany
80807, Germany
72622, Germany
14558, Germany
25980, Germany
83623, Germany
81377, Germany
80637, Germany
86150, Germany
83677, Germany
80538, Germany
85354, Germany
80999, Germany
85591, Germany
80997, Germany
80799, Germany
84577, Germany
47546, Germany
82275, Germany
80689, Germany
88161, Germany
86971, Germany
81825, Germany
83607, Germany
81373, Germany
81827, Germany
86529, Germany
85540, Germany
81371, Germany
73277, Germany
85778, Germany
85221, Germany
81929, Germany
85356, Germany
81825, Germany
85764, Germany
80639, Germany
83674, Germany
85586, Germany
80339, Germany
84032, Germany
84431, Germany
82290, Germany
86929, Germany
84326, Germany
81375, Germany
80798, Germany
83620, Germany
85521, Germany
85447, Germany
82538, Germany
84032, Germany
84405, Germany
85716, Germany
85250, Germany
85540, Germany
85221, Germany
81377, Germany
82110, Germany
81675, Germany
82515, Germany
80797, Germany
84405, Germany
84478, Germany
81477, Germany
85221, Germany
82110, Germany
81545, Germany
80333, Germany
85375, Germany
81247, Germany
81539, Germany
85774, Germany
85764, Germany
86415, Germany
84427, Germany
86556, Germany
81377, Germany
80807, Germany
10243, Germany
81673, Germany
83623, Germany
85244, Germany
81377, Germany
81249, Germany
81547, Germany
86899, Germany
84427, Germany
86830, Germany
80809, Germany
85241, Germany
85764, Germany
80799, Germany
84034, Germany
85656, Germany
80639, Germany
83700, Germany
82140, Germany
81827, Germany
85614, Germany
10119, Germany
85354, Germany
85080, Germany
81241, Germany
85399, Germany
85391, Germany
80539, Germany
82327, Germany
90431, Germany
91052, Germany
80997, Germany
81379, Germany
80992, Germany
81543, Germany
81373, Germany
81737, Germany
80805, Germany
81375, Germany
83104, Germany
85737, Germany
85764, Germany
84405, Germany
85095, Germany
84570, Germany
81735, Germany
81825, Germany
81373, Germany
80469, Germany
86438, Germany
84543, Germany
85462, Germany
85617, Germany
82541, Germany
85598, Germany
81737, Germany
84503, Germany
85354, Germany
82449, Germany
85622, Germany
91757, Germany
82432, Germany
86853, Germany
82031, Germany
85614, Germany
83131, Germany
83607, Germany
85238, Germany
81249, Germany
83308, Germany
85386, Germany
83022, Germany
85051, Germany
73431, Germany
85221, Germany
83135, Germany
82327, Germany
85737, Germany
81245, Germany
85354, Germany
86850, Germany
82061, Germany
15295, Germany
85051, Germany
84036, Germany
82223, Germany
83022, Germany
81925, Germany
86179, Germany
85221, Germany
85757, Germany
85354, Germany
83233, Germany
82538, Germany
82008, Germany
82256, Germany
84028, Germany
85247, Germany
84489, Germany
81541, Germany
82269, Germany
81829, Germany
86391, Germany
86456, Germany
85540, Germany
81547, Germany
81245, Germany
91757, Germany
85399, Germany
83539, Germany
81825, Germany
90571, Germany
81377, Germany
85567, Germany
85399, Germany
86551, Germany
85375, Germany
82377, Germany
82131, Germany
80805, Germany
80805, Germany
82178, Germany
61449, Germany
84130, Germany
83670, Germany
80639, Germany
85298, Germany
86391, Germany
81549, Germany
81543, Germany
80993, Germany
74246, Germany
82538, Germany
82490, Germany
81245, Germany
83229, Germany
81547, Germany
81475, Germany
85435, Germany
85229, Germany
80797, Germany
82024, Germany
85778, Germany
85417, Germany
83026, Germany
80803, Germany
80809, Germany
82335, Germany
81673, Germany
85356, Germany
85051, Germany
80339, Germany
80549, Germany
60388, Germany
85435, Germany
85276, Germany
80687, Germany
83253, Germany
82140, Germany
85416, Germany
85416, Germany
81549, Germany
83104, Germany
82166, Germany
80807, Germany
85375, Germany
85250, Germany
82362, Germany
84524, Germany
86554, Germany
91757, Germany
85435, Germany
82110, Germany
84405, Germany
81547, Germany
68307, Germany
86567, Germany
82178, Germany
76149, Germany
83714, Germany
83539, Germany
85221, Germany
84435, Germany
85435, Germany
82343, Germany
10115, Germany
82256, Germany
85399, Germany
81739, Germany
85716, Germany
81549, Germany
80686, Germany
85609, Germany
82377, Germany
80687, Germany
82031, Germany
81249, Germany
81829, Germany
81373, Germany
85399, Germany
82205, Germany
80799, Germany
81825, Germany
80995, Germany
80807, Germany
80933, Germany
80539, Germany
82256, Germany
80335, Germany
86420, Germany
82418, Germany
82049, Germany
80636, Germany
80805, Germany
82362, Germany
80939, Germany
80803, Germany
82538, Germany
33602, Germany
85391, Germany
81539, Germany
22043, Germany
80639, Germany
85764, Germany
83661, Germany
94569, Germany
37083, Germany
81673, Germany
85221, Germany
81371, Germany
83714, Germany
82152, Germany
81241, Germany
83629, Germany
81669, Germany
83661, Germany
82256, Germany
85435, Germany
84034, Germany
81243, Germany
81245, Germany
83661, Germany
80807, Germany
82291, Germany
81373, Germany
81827, Germany
86932, Germany
81927, Germany
86916, Germany
82418, Germany
84092, Germany
82131, Germany
82229, Germany
82131, Germany
80798, Germany
81825, Germany
84172, Germany
86916, Germany
82152, Germany
83620, Germany
85598, Germany
80939, Germany
83022, Germany
82110, Germany
80809, Germany
82152, Germany
85247, Germany
82396, Germany
80798, Germany
80805, Germany
85254, Germany
80997, Germany
82383, Germany
81475, Germany
85467, Germany
80469, Germany
33106, Germany
80805, Germany
81829, Germany
80796, Germany
81541, Germany
81373, Germany
85567, Germany
80339, Germany
82152, Germany
85570, Germany
85570, Germany
85238, Germany
86415, Germany
85391, Germany
81371, Germany
85221, Germany
77654, Germany
81829, Germany
86932, Germany
83549, Germany
81675, Germany
55276, Germany
80637, Germany
82319, Germany
82216, Germany
80639, Germany
73642, Germany
85567, Germany
81373, Germany
81371, Germany
14776, Germany
85579, Germany
81929, Germany
89335, Germany
85406, Germany
86911, Germany
83024, Germany
80935, Germany
86561, Germany
89558, Germany
80687, Germany
85386, Germany
85540, Germany
85748, Germany
82418, Germany
80335, Germany
81371, Germany
82223, Germany
86529, Germany
86567, Germany
80469, Germany
85244, Germany
82407, Germany
86167, Germany
82178, Germany
79114, Germany
87645, Germany
82110, Germany
80469, Germany
85244, Germany
85659, Germany
81541, Germany
82194, Germany
81829, Germany
92318, Germany
85221, Germany
85716, Germany
85757, Germany
85375, Germany
80796, Germany
73037, Germany
72144, Germany
82194, Germany
80335, Germany
81373, Germany
87629, Germany
83544, Germany
80802, Germany
82131, Germany
52224, Germany
85247, Germany
81373, Germany
86179, Germany
85591, Germany
83064, Germany
85247, Germany
82487, Germany
93326, Germany
82256, Germany
81369, Germany
81541, Germany
85649, Germany
10823, Germany
85049, Germany
86668, Germany
85298, Germany
85283, Germany
83727, Germany
87629, Germany
80995, Germany
81929, Germany
81675, Germany
73765, Germany
85764, Germany
87437, Germany
84149, Germany
81375, Germany
81245, Germany
85464, Germany
71336, Germany
81477, Germany
80992, Germany
80637, Germany
85307, Germany
85567, Germany
80935, Germany
85662, Germany
81549, Germany
82008, Germany
83620, Germany
80336, Germany
81673, Germany
93047, Germany
82319, Germany
82008, Germany
81673, Germany
83661, Germany
81375, Germany
86653, Germany
74821, Germany
85386, Germany
85375, Germany
85643, Germany
82110, Germany
81371, Germany
52428, Germany
86568, Germany
80799, Germany
81379, Germany
82110, Germany
81249, Germany
81476, Germany
85386, Germany
81375, Germany
84419, Germany
82110, Germany
86807, Germany
82538, Germany
83624, Germany
83646, Germany
85716, Germany
81243, Germany
87629, Germany
81475, Germany
84579, Germany
80807, Germany
81377, Germany
85598, Germany
85591, Germany
73432, Germany
84558, Germany
85764, Germany
80689, Germany
82216, Germany
81243, Germany
85652, Germany
82256, Germany
82061, Germany
86987, Germany
91052, Germany
82140, Germany
82140, Germany
82291, Germany
81739, Germany
89077, Germany
81925, Germany
48155, Germany
93053, Germany
82069, Germany
80797, Germany
81677, Germany
84562, Germany
80939, Germany
32312, Germany
80997, Germany
80336, Germany
80992, Germany
85652, Germany
85293, Germany
87764, Germany
82319, Germany
82393, Germany
81475, Germany
81477, Germany
80799, Germany
90584, Germany
86653, Germany
83539, Germany
88662, Germany
85232, Germany
82291, Germany
85757, Germany
85232, Germany
84405, Germany
81371, Germany
18106, Germany
47608, Germany
80797, Germany
85049, Germany
85540, Germany
81679, Germany
82223, Germany
80636, Germany
80803, Germany
84172, Germany
83677, Germany
81927, Germany
86928, Germany
81739, Germany
86633, Germany
81541, Germany
84565, Germany
82256, Germany
85609, Germany
92637, Germany
90443, Germany
80687, Germany
97464, Germany
82319, Germany
84051, Germany
86845, Germany
80995, Germany
80992, Germany
80992, Germany
82008, Germany
85416, Germany
84036, Germany
82152, Germany
86650, Germany
86567, Germany
86567, Germany
80333, Germany
82269, Germany
80992, Germany
81677, Germany
83527, Germany
85716, Germany
52223, Germany
70327, Germany
80335, Germany
10369, Germany
82041, Germany
84130, Germany
80995, Germany
80933, Germany
82008, Germany
85774, Germany
84030, Germany
86899, Germany
80995, Germany
80995, Germany
80995, Germany
82194, Germany
81825, Germany
94239, Germany
81243, Germany
85456, Germany
81377, Germany
85757, Germany
81379, Germany
86556, Germany
82515, Germany
83735, Germany
86947, Germany
80639, Germany
86462, Germany
80992, Germany
81739, Germany
83734, Germany
82343, Germany
86316, Germany
86928, Germany
82256, Germany
82008, Germany
81241, Germany
25524, Germany
80634, Germany
81243, Germany
85235, Germany
80999, Germany
81369, Germany
80339, Germany
82049, Germany
85084, Germany
85748, Germany
81249, Germany
80686, Germany
84322, Germany
68165, Germany
84574, Germany
80992, Germany
83536, Germany
85774, Germany
85293, Germany
81739, Germany
82256, Germany
85290, Germany
83052, Germany
85748, Germany
84543, Germany
85253, Germany
85609, Germany
81929, Germany
80337, Germany
83620, Germany
81541, Germany
82110, Germany
85304, Germany
70806, Germany
82205, Germany
80801, Germany
84034, Germany
86899, Germany
85221, Germany
85623, Germany
80636, Germany
82110, Germany
88481, Germany
81667, Germany
85609, Germany
85139, Germany
89312, Germany
85598, Germany
80809, Germany
81927, Germany
84453, Germany
81825, Germany
83059, Germany
94227, Germany
85748, Germany
88279, Germany
82327, Germany
85221, Germany
81827, Germany
85757, Germany
83624, Germany
82049, Germany
80636, Germany
81925, Germany
82319, Germany
84381, Germany
82327, Germany
82131, Germany
86441, Germany
81675, Germany
85716, Germany
86561, Germany
80335, Germany
85586, Germany
81827, Germany
85625, Germany
85283, Germany
85661, Germany
80339, Germany
81825, Germany
80337, Germany
93342, Germany
86567, Germany
80999, Germany
81541, Germany
81369, Germany
84028, Germany
85221, Germany
80538, Germany
81673, Germany
85774, Germany
80797, Germany
85276, Germany
97318, Germany
85635, Germany
82110, Germany
85591, Germany
90491, Germany
86956, Germany
85591, Germany
83071, Germany
85435, Germany
13127, Germany
85221, Germany
81245, Germany
80809, Germany
82152, Germany
85591, Germany
86807, Germany
80639, Germany
85399, Germany
85757, Germany
85447, Germany
80999, Germany
82008, Germany
93053, Germany
86456, Germany
84453, Germany
82442, Germany
83052, Germany
10249, Germany
89349, Germany
81671, Germany
77756, Germany
85774, Germany
80993, Germany
80999, Germany
82319, Germany
81379, Germany
85586, Germany
85551, Germany
83342, Germany
81539, Germany
85757, Germany
86179, Germany
80339, Germany
81739, Germany
35390, Germany
80335, Germany
89312, Germany
80637, Germany
86156, Germany
85088, Germany
85521, Germany
93077, Germany
85716, Germany
85276, Germany
85276, Germany
80469, Germany
80637, Germany
86899, Germany
82479, Germany
61250, Germany
74172, Germany
81249, Germany
82515, Germany
85368, Germany
80803, Germany
81825, Germany
85540, Germany
42799, Germany
81249, Germany
80686, Germany
81243, Germany
81373, Germany
86836, Germany
80798, Germany
80469, Germany
84036, Germany
82223, Germany
80639, Germany
85737, Germany
85649, Germany
82239, Germany
87743, Germany
97070, Germany
85368, Germany
80339, Germany
85419, Germany
86641, Germany
80538, Germany
85247, Germany
85356, Germany
82024, Germany
80339, Germany
80807, Germany
76149, Germany
42799, Germany
85405, Germany
86492, Germany
81739, Germany
85405, Germany
80997, Germany
81543, Germany
82256, Germany
87767, Germany
82008, Germany
31171, Germany
81373, Germany
82110, Germany
86152, Germany
82362, Germany
82194, Germany
81673, Germany
85354, Germany
80639, Germany
80686, Germany
93083, Germany
85591, Germany
82256, Germany
81379, Germany
80636, Germany
78315, Germany
82256, Germany
80686, Germany
85521, Germany
85256, Germany
85356, Germany
81379, Germany
82216, Germany
80937, Germany
80337, Germany
85669, Germany
81547, Germany
81927, Germany
82140, Germany
85540, Germany
81369, Germany
81375, Germany
85757, Germany
85716, Germany
85716, Germany
85622, Germany
85757, Germany
81375, Germany
64521, Germany
85452, Germany
84570, Germany
85386, Germany
80636, Germany
80937, Germany
85276, Germany
80995, Germany
80995, Germany
82131, Germany
81737, Germany
90763, Germany
81476, Germany
82024, Germany
80687, Germany
80802, Germany
81375, Germany
85238, Germany
80337, Germany
88459, Germany
85391, Germany
80333, Germany
80689, Germany
13053, Germany
82538, Germany
82008, Germany
64380, Germany
86152, Germany
86941, Germany
80469, Germany
85247, Germany
82538, Germany
88214, Germany
86453, Germany
80804, Germany
81377, Germany
80337, Germany
81371, Germany
82008, Germany
80686, Germany
81247, Germany
93073, Germany
80469, Germany
81371, Germany
73102, Germany
84036, Germany
85221, Germany
82008, Germany
42929, Germany
65207, Germany
83629, Germany
80997, Germany
81369, Germany
69115, Germany
82110, Germany
80809, Germany
82205, Germany
81547, Germany
81829, Germany
80637, Germany
85375, Germany
80538, Germany
85570, Germany
96052, Germany
80336, Germany
85386, Germany
15232, Germany
81739, Germany
81927, Germany
82194, Germany
82194, Germany
82152, Germany
74076, Germany
85748, Germany
84359, Germany
82178, Germany
82205, Germany
80797, Germany
82194, Germany
81373, Germany
82166, Germany
81479, Germany
81479, Germany
73760, Germany
81679, Germany
82061, Germany
22089, Germany
20457, Germany
80538, Germany
79592, Germany
81245, Germany
82031, Germany
80801, Germany
80636, Germany
85649, Germany
85748, Germany
89250, Germany
84079, Germany
81929, Germany
81739, Germany
80807, Germany
20534, Germany
81247, Germany
86438, Germany
85521, Germany
81245, Germany
81243, Germany
94032, Germany
32423, Germany
85778, Germany
85354, Germany
81825, Germany
81541, Germany
81541, Germany
81673, Germany
80686, Germany
81377, Germany
81539, Germany
84478, Germany
85293, Germany
81477, Germany
82234, Germany
81541, Germany
82110, Germany
80995, Germany
86571, Germany
80939, Germany
82349, Germany
85283, Germany
98617, Germany
81673, Germany
85447, Germany
81929, Germany
85276, Germany
80339, Germany
83564, Germany
81379, Germany
85774, Germany
81739, Germany
80809, Germany
85411, Germany
80797, Germany
22335, Germany
80637, Germany
85221, Germany
81746, Germany
80939, Germany
80639, Germany
80796, Germany
82205, Germany
80803, Germany
84144, Germany
88267, Germany
85586, Germany
82110, Germany
82362, Germany
81825, Germany
85643, Germany
82538, Germany
85354, Germany
85567, Germany
80805, Germany
80939, Germany
82049, Germany
82166, Germany
82256, Germany
85604, Germany
82166, Germany
85247, Germany
13347, Germany
81825, Germany
84565, Germany
85757, Germany
86609, Germany
82205, Germany
80636, Germany
81543, Germany
80337, Germany
14193, Germany
81541, Germany
81737, Germany
85652, Germany
86494, Germany
82362, Germany
85570, Germany
81547, Germany
82110, Germany
81475, Germany
83679, Germany
81679, Germany
85649, Germany
82140, Germany
81375, Germany
85521, Germany
85716, Germany
81669, Germany
84030, Germany
80995, Germany
86154, Germany
80796, Germany
81245, Germany
84034, Germany
85630, Germany
80804, Germany
85368, Germany
82275, Germany
85737, Germany
83059, Germany
85354, Germany
80538, Germany
83730, Germany
91161, Germany
85051, Germany
71101, Germany
82024, Germany
80687, Germany
82340, Germany
97877, Germany
81479, Germany
81735, Germany
85354, Germany
80997, Germany
82319, Germany
81379, Germany
82008, Germany
81245, Germany
85376, Germany
81673, Germany
85229, Germany
83043, Germany
85570, Germany
86368, Germany
82205, Germany
82288, Germany
85649, Germany
82061, Germany
81547, Germany
85356, Germany
81373, Germany
80802, Germany
84072, Germany
81825, Germany
86165, Germany
82418, Germany
85235, Germany
81371, Germany
80687, Germany
82362, Germany
85084, Germany
82061, Germany
82362, Germany
80687, Germany
85095, Germany
82380, Germany
82166, Germany
80333, Germany
85716, Germany
89264, Germany
85084, Germany
81375, Germany
83623, Germany
82256, Germany
86405, Germany
81377, Germany
81375, Germany
82061, Germany
82319, Germany
81541, Germany
84169, Germany
81476, Germany
81369, Germany
84036, Germany
82256, Germany
84061, Germany
85049, Germany
84489, Germany
81249, Germany
85354, Germany
82538, Germany
63843, Germany
80997, Germany
80687, Germany
85077, Germany
81547, Germany
80935, Germany
85598, Germany
82194, Germany
84036, Germany
94239, Germany
81673, Germany
86316, Germany
80804, Germany
80634, Germany
85614, Germany
85652, Germany
80796, Germany
85247, Germany
22767, Germany
85247, Germany
65207, Germany
80336, Germany
85748, Germany
83026, Germany
81547, Germany
81925, Germany
80469, Germany
82024, Germany
88662, Germany
84478, Germany
86150, Germany
85402, Germany
85540, Germany
85276, Germany
80799, Germany
97478, Germany
81245, Germany
85551, Germany
80331, Germany
72488, Germany
81739, Germany
86701, Germany
85716, Germany
82515, Germany
81671, Germany
85238, Germany
85614, Germany
85410, Germany
87679, Germany
80336, Germany
81737, Germany
80801, Germany
82140, Germany
85579, Germany
86842, Germany
86529, Germany
82515, Germany
80802, Germany
82515, Germany
15232, Germany
55129, Germany
80801, Germany
85757, Germany
93047, Germany
80687, Germany
83646, Germany
80636, Germany
85716, Germany
85452, Germany
81739, Germany
89250, Germany
96117, Germany
82299, Germany
86153, Germany
10437, Germany
80997, Germany
85053, Germany
81825, Germany
80636, Germany
82152, Germany
82205, Germany
81539, Germany
94505, Germany
85551, Germany
81929, Germany
70327, Germany
80337, Germany
80797, Germany
82024, Germany
83229, Germany
84533, Germany
81675, Germany
83026, Germany
81827, Germany
80336, Germany
30163, Germany
86698, Germany
81927, Germany
85521, Germany
82319, Germany
63456, Germany
96524, Germany
85354, Germany
83607, Germany
12047, Germany
72622, Germany
85778, Germany
81671, Germany
82110, Germany
89073, Germany
83620, Germany
80335, Germany
84416, Germany
80686, Germany
85579, Germany
81373, Germany
82205, Germany
85406, Germany
80933, Germany
80469, Germany
81737, Germany
81541, Germany
85221, Germany
82194, Germany
86438, Germany
85256, Germany
82418, Germany
85716, Germany
85375, Germany
81925, Germany
85630, Germany
85283, Germany
81827, Germany
81677, Germany
82216, Germany
80807, Germany
80935, Germany
82431, Germany
85232, Germany
80804, Germany
85757, Germany
82229, Germany
81927, Germany
82166, Germany
81379, Germany
85764, Germany
94469, Germany
82216, Germany
85309, Germany
86391, Germany
80336, Germany
81379, Germany
85737, Germany
80538, Germany
83209, Germany
70197, Germany
85072, Germany
85417, Germany
83646, Germany
82194, Germany
82256, Germany
81927, Germany
91336, Germany
80997, Germany
38528, Germany
85221, Germany
82140, Germany
86663, Germany
85540, Germany
80636, Germany
12357, Germany
85464, Germany
85567, Germany
81927, Germany
81549, Germany
81247, Germany
80687, Germany
85777, Germany
85598, Germany
87439, Germany
85221, Germany
81827, Germany
81245, Germany
84174, Germany
84030, Germany
85591, Germany
80335, Germany
82256, Germany
81829, Germany
82216, Germany
85092, Germany
85250, Germany
81739, Germany
82319, Germany
84036, Germany
85622, Germany
86946, Germany
85540, Germany
83714, Germany
83075, Germany
85241, Germany
93413, Germany
81829, Germany
82166, Germany
93047, Germany
81247, Germany
81245, Germany
80805, Germany
81547, Germany
81675, Germany
86647, Germany
79100, Germany
85653, Germany
85653, Germany
92729, Germany
82008, Germany
85221, Germany
85452, Germany
80337, Germany
80333, Germany
91555, Germany
85435, Germany
84568, Germany
80337, Germany
81375, Germany
80331, Germany
85399, Germany
81927, Germany
80937, Germany
82166, Germany
80935, Germany
86500, Germany
82256, Germany
89407, Germany
80335, Germany
81373, Germany
82110, Germany
81369, Germany
22607, Germany
83043, Germany
84085, Germany
86161, Germany
80634, Germany
82291, Germany
81825, Germany
81669, Germany
81477, Germany
80333, Germany
82140, Germany
82024, Germany
76761, Germany
85652, Germany
85737, Germany
86391, Germany
95028, Germany
81541, Germany
10557, Germany
85221, Germany
81373, Germany
84030, Germany
82487, Germany
80335, Germany
85586, Germany
82538, Germany
81243, Germany
80634, Germany
85051, Germany
85110, Germany
81927, Germany
80804, Germany
80999, Germany
82024, Germany
97080, Germany
85395, Germany
82515, Germany
38444, Germany
83224, Germany
85395, Germany
81479, Germany
45478, Germany
14050, Germany
76137, Germany